accuracy,loss,val_accuracy,val_loss
0.6780322790145874,1.1024034023284912,0.6366475820541382,0.7554676532745361
0.7372462153434753,0.5168225765228271,0.8401874303817749,0.3988902270793915
0.8081728219985962,0.4288467764854431,0.8500781059265137,0.3706459403038025
0.8582769632339478,0.3238629996776581,0.8719416856765747,0.29733213782310486
0.8761062026023865,0.29718223214149475,0.863612711429596,0.3178122639656067
0.8844351768493652,0.26684653759002686,0.872462272644043,0.2989872097969055
0.8954971432685852,0.2434372454881668,0.870900571346283,0.31162208318710327
0.9049974083900452,0.2298453152179718,0.8656949400901794,0.3465903699398041
0.9109838604927063,0.21028558909893036,0.8646538257598877,0.3278477191925049
