accuracy,loss,val_accuracy,val_loss
0.6661894917488098,13.708359718322754,0.689224362373352,0.5721396207809448
0.6842790246009827,0.5634392499923706,0.6959916949272156,0.5769887566566467
0.6910463571548462,0.5561388731002808,0.683498203754425,0.5929403901100159
0.6814159154891968,0.566600501537323,0.6913065910339355,0.574780285358429
0.6875325441360474,0.5555092096328735,0.6980739235877991,0.6036562323570251
0.6918271780014038,0.5591303706169128,0.6907860636711121,0.5743013024330139
