accuracy,loss,val_accuracy,val_loss
0.534487247467041,13.011323928833008,0.5231650471687317,0.6920855641365051
0.519911527633667,0.6926227807998657,0.5231650471687317,0.6922119855880737
0.5162675976753235,0.6924047470092773,0.5231650471687317,0.6921400427818298
0.519911527633667,0.6925048828125,0.5231650471687317,0.6921017169952393
0.519911527633667,0.6926196813583374,0.5231650471687317,0.692111074924469
0.519911527633667,0.6926760077476501,0.5231650471687317,0.6920942664146423
