accuracy,loss,val_accuracy,val_loss
0.6436751484870911,4.827596187591553,0.6845393180847168,0.5808078050613403
0.6828474998474121,0.5684496760368347,0.7074440121650696,0.5558176040649414
0.6801145076751709,0.5676310658454895,0.6902654767036438,0.5710621476173401
0.6831077337265015,0.5635764002799988,0.6902654767036438,0.5692927837371826
0.6879229545593262,0.5583997368812561,0.7048412561416626,0.5685704350471497
0.6910463571548462,0.5566016435623169,0.6840187311172485,0.5856855511665344
0.6807652115821838,0.5642209649085999,0.6897449493408203,0.5892237424850464
