accuracy,loss,val_accuracy,val_loss
0.674648642539978,3.8979685306549072,0.674648642539978,0.5914327502250671
0.6868818402290344,0.5667224526405334,0.6782925724983215,0.5935475826263428
0.6928682923316956,0.5591720938682556,0.6756897568702698,0.5808801054954529
0.6931285858154297,0.5630589723587036,0.6684018969535828,0.6070393919944763
0.686751663684845,0.5610227584838867,0.680374801158905,0.6628891229629517
0.6900051832199097,0.5651056170463562,0.6751691699028015,0.6186016201972961
0.6885736584663391,0.5580804944038391,0.6762102842330933,0.5984119176864624
0.6919572949409485,0.555841863155365,0.6824570298194885,0.6415196061134338
